date,new,total
2026-01-05,0,0
2026-01-06,0,0
2026-01-07,0,0
2026-01-08,0,0
2026-01-09,0,0
2026-01-10,0,0
2026-01-11,0,0
2026-01-12,0,0
2026-01-13,0,0
2026-01-14,0,0
2026-01-15,0,0
2026-01-16,0,0
2026-01-17,0,0
2026-01-18,0,0
2026-01-19,0,0
2026-01-20,0,0
2026-01-21,0,0
2026-01-22,0,0
2026-01-23,0,0
2026-01-24,0,0
2026-01-25,0,0
2026-01-26,0,0
2026-01-27,0,0
2026-01-28,0,0
2026-01-29,2,2
2026-01-30,89,91
2026-01-31,88,179
2026-02-01,102,281
2026-02-02,200,481
2026-02-03,198,679
2026-02-04,172,851
2026-02-05,73,924
2026-02-06,56,980
2026-02-07,26,1006
2026-02-08,22,1028
2026-02-09,31,1059
2026-02-10,16,1075
2026-02-11,12,1087
2026-02-12,13,1100
2026-02-13,3,1103
2026-02-14,217,1320
2026-02-15,127,1447
2026-02-16,115,1562
2026-02-17,701,2263
2026-02-18,440,2703
2026-02-19,195,2898
2026-02-20,127,3025
2026-02-21,64,3089
2026-02-22,136,3225
2026-02-23,142,3367
2026-02-24,212,3579
2026-02-25,166,3745
2026-02-26,166,3911
2026-02-27,126,4037
2026-02-28,87,4124
2026-03-01,66,4190
2026-03-02,113,4303
2026-03-03,96,4399
2026-03-04,95,4494
2026-03-05,97,4591
2026-03-06,128,4719
2026-03-07,95,4814
2026-03-08,97,4911
2026-03-09,264,5175
2026-03-10,280,5455
2026-03-11,180,5635
2026-03-12,1141,6776
2026-03-13,1908,8684
2026-03-14,1506,10190
2026-03-15,1754,11944
2026-03-16,1756,13700
2026-03-17,1042,14742
2026-03-18,596,15338
2026-03-19,573,15911
2026-03-20,595,16506
2026-03-21,489,16995
2026-03-22,434,17429
2026-03-23,475,17904
2026-03-24,347,18251
2026-03-25,290,18541
2026-03-26,263,18804
2026-03-27,206,19010
2026-03-28,158,19168
2026-03-29,177,19345
2026-03-30,230,19575
2026-03-31,192,19767
2026-04-01,151,19918
2026-04-02,190,20108
2026-04-03,203,20311
2026-04-04,169,20480
2026-04-05,175,20655
2026-04-06,156,20811
2026-04-07,181,20992
2026-04-08,173,21165
2026-04-09,193,21358
2026-04-10,117,21475
2026-04-11,78,21553
2026-04-12,61,21614
2026-04-13,93,21707
2026-04-14,80,21787
2026-04-15,74,21861
2026-04-16,85,21946
2026-04-17,60,22006
2026-04-18,47,22053
2026-04-19,62,22115
2026-04-20,65,22180
2026-04-21,64,22244
2026-04-22,129,22373
2026-04-23,117,22490
2026-04-24,59,22549
2026-04-25,48,22597
2026-04-26,43,22640
2026-04-27,62,22702
2026-04-28,63,22765
2026-04-29,52,22817
2026-04-30,41,22858
2026-05-01,36,22894
2026-05-02,33,22927
2026-05-03,35,22962
2026-05-04,32,22994
2026-05-05,56,23050
2026-05-06,72,23122
2026-05-07,52,23174
2026-05-08,56,23230
2026-05-09,55,23285
2026-05-10,36,23321
2026-05-11,51,23372
2026-05-12,45,23417
2026-05-13,42,23459
2026-05-14,51,23510
2026-05-15,44,23554
2026-05-16,29,23583
2026-05-17,33,23616
2026-05-18,47,23663
2026-05-19,130,23793
2026-05-20,104,23897
2026-05-21,139,24036
2026-05-22,97,24133
2026-05-23,51,24184
2026-05-24,46,24230
2026-05-25,71,24301
2026-05-26,56,24357
2026-05-27,55,24412
2026-05-28,79,24491
2026-05-29,43,24534
2026-05-30,31,24565
2026-05-31,48,24613
2026-06-01,55,24668
2026-06-02,46,24714
2026-06-03,49,24763
2026-06-04,50,24813
2026-06-05,48,24861
2026-06-06,40,24901
2026-06-07,46,24947
2026-06-08,92,25039
2026-06-09,63,25102
2026-06-10,56,25158
2026-06-11,56,25214
2026-06-12,52,25266
2026-06-13,46,25312
2026-06-14,30,25342
2026-06-15,36,25378
2026-06-16,48,25426
2026-06-17,53,25479
2026-06-18,27,25506
2026-06-19,32,25538
2026-06-20,26,25564
2026-06-21,11,25575
2026-06-22,62,25637
2026-06-23,42,25679
2026-06-24,50,25729
2026-06-25,36,25765
2026-06-26,44,25809
2026-06-27,21,25830
2026-06-28,19,25849
2026-06-29,44,25893
2026-06-30,32,25925
2026-07-01,32,25957
2026-07-02,37,25994
2026-07-03,44,26038
2026-07-04,22,26060
2026-07-05,19,26079
2026-07-06,36,26115
2026-07-07,40,26155
2026-07-08,45,26200
2026-07-09,41,26241
2026-07-10,75,26316
2026-07-11,39,26355
2026-07-12,33,26388
2026-07-13,66,26454
2026-07-14,57,26511
2026-07-15,71,26582
2026-07-16,46,26628
2026-07-17,35,26663
2026-07-18,43,26706
2026-07-19,39,26745
2026-07-20,54,26799
2026-07-21,40,26839
2026-07-22,58,26897
2026-07-23,43,26940
2026-07-24,41,26981
2026-07-25,35,27016
2026-07-26,38,27054
2026-07-27,232,27286
2026-07-28,97,27383
2026-07-29,47,27430
2026-07-30,43,27473
2026-07-31,38,27511
2026-08-01,30,27541
2026-08-02,22,27563
2026-08-03,79,27642
2026-08-04,89,27731
2026-08-05,59,27790
2026-08-06,46,27836
2026-08-07,51,27887
2026-08-08,36,27923
2026-08-09,26,27949
2026-08-10,48,27997
2026-08-11,59,28056
2026-08-12,61,28117
2026-08-13,102,28219
2026-08-14,72,28291
2026-08-15,41,28332
2026-08-16,167,28499
2026-08-17,230,28729
2026-08-18,456,29185
2026-08-19,799,29984
2026-08-20,849,30833
2026-08-21,658,31491
2026-08-22,402,31893
2026-08-23,427,32320
2026-08-24,496,32816
2026-08-25,320,33136
2026-08-26,291,33427
2026-08-27,324,33751
2026-08-28,258,34009
2026-08-29,157,34166
2026-08-30,200,34366
2026-08-31,216,34582
2026-09-01,244,34826
2026-09-02,236,35062
2026-09-03,185,35247
2026-09-04,161,35408
2026-09-05,149,35557
2026-09-06,127,35684
2026-09-07,160,35844
2026-09-08,146,35990
2026-09-09,220,36210
2026-09-10,218,36428
2026-09-11,204,36632
2026-09-12,134,36766
2026-09-13,193,36959
2026-09-14,227,37186
2026-09-15,317,37503
2026-09-16,216,37719
2026-09-17,123,37842
2026-09-18,132,37974
2026-09-19,86,38060
2026-09-20,121,38181
2026-09-21,144,38325
2026-09-22,124,38449
2026-09-23,104,38553
2026-09-24,75,38628
2026-09-25,6,38634
